{
  "config": {
    "n_runs": 30,
    "random_search_iters": 640,
    "ga_max_evals": 640,
    "ga_mode": "generational",
    "grid_search_use_early_stopping": true,
    "known_optimum": null,
    "optimum_tolerance": 1e-06
  },
  "reference_optimum_used": 0.7429702194357366,
  "best_known_found": 0.7429702194357366,
  "best_overall_run": {
    "algorithm": "genetic_algorithm",
    "run_id": 27,
    "best_score": 0.7429702194357366,
    "best_params": [
      117,
      7,
      19,
      2,
      0.18088055835447364,
      1,
      1,
      0,
      31,
      0.00046724142791391147
    ]
  },
  "summary_by_algorithm": [
    {
      "algorithm": "genetic_algorithm",
      "runs": 30,
      "mean_best_score": 0.7302129049111807,
      "std_best_score": 0.007103627676756415,
      "min_best_score": 0.7135795454545455,
      "max_best_score": 0.7429702194357366,
      "cv_best_score": 0.009728159594249382,
      "optimum_reference": 0.7429702194357366,
      "times_reached_reference": 1,
      "mean_distance_to_reference": 0.01275731452455581,
      "max_distance_to_reference": 0.029390673981191107,
      "mean_iter_to_95pct_reference": 4.566666666666666,
      "std_iter_to_95pct_reference": 3.0363695805822215,
      "mean_wall_time_s": 103.1579966666633,
      "std_wall_time_s": 35.72289719695472,
      "mean_cpu_time_s": 101.83489583333333,
      "mean_cpu_usage_pct": 98.7154594231006,
      "mean_peak_mem_mb_main_process": 2.2287646293640138
    },
    {
      "algorithm": "random_search",
      "runs": 30,
      "mean_best_score": 0.7269002742946709,
      "std_best_score": 0.008651770712913712,
      "min_best_score": 0.704837382445141,
      "max_best_score": 0.7385932601880878,
      "cv_best_score": 0.011902280159831741,
      "optimum_reference": 0.7429702194357366,
      "times_reached_reference": 0,
      "mean_distance_to_reference": 0.016069945141065738,
      "max_distance_to_reference": 0.03813283699059555,
      "mean_iter_to_95pct_reference": 5.266666666666667,
      "std_iter_to_95pct_reference": 4.298623142302687,
      "mean_wall_time_s": 94.85646711000105,
      "std_wall_time_s": 53.58690349706801,
      "mean_cpu_time_s": 81.59270833333333,
      "mean_cpu_usage_pct": 94.14345615412444,
      "mean_peak_mem_mb_main_process": 1.9505776723225912
    },
    {
      "algorithm": "grid_search",
      "runs": 1,
      "mean_best_score": 0.7192065047021944,
      "std_best_score": 0.0,
      "min_best_score": 0.7192065047021944,
      "max_best_score": 0.7192065047021944,
      "cv_best_score": 0.0,
      "optimum_reference": 0.7429702194357366,
      "times_reached_reference": 0,
      "mean_distance_to_reference": 0.02376371473354222,
      "max_distance_to_reference": 0.02376371473354222,
      "mean_iter_to_95pct_reference": 1.0,
      "std_iter_to_95pct_reference": 0.0,
      "mean_wall_time_s": 7.99717449999298,
      "std_wall_time_s": 0.0,
      "mean_cpu_time_s": 7.84375,
      "mean_cpu_usage_pct": 98.0815161655768,
      "mean_peak_mem_mb_main_process": 1.9673748016357422
    }
  ],
  "parameter_sensitivity": [
    {
      "param": "min_impurity_decrease",
      "score_minus": 0.7429702194357366,
      "score_plus": 0.7179584639498433,
      "drop_mean": 0.012505877742946647
    },
    {
      "param": "max_depth",
      "score_minus": 0.7360932601880879,
      "score_plus": 0.7367143416927899,
      "drop_mean": 0.00656641849529771
    },
    {
      "param": "max_features",
      "score_minus": 0.7429702194357366,
      "score_plus": 0.7304643416927898,
      "drop_mean": 0.006252938871473379
    },
    {
      "param": "max_leaf_nodes",
      "score_minus": 0.7417221786833855,
      "score_plus": 0.7404721786833856,
      "drop_mean": 0.0018730407523510628
    },
    {
      "param": "min_samples_split",
      "score_minus": 0.7398452194357367,
      "score_plus": 0.7454721786833856,
      "drop_mean": 0.0015624999999999667
    },
    {
      "param": "n_estimators",
      "score_minus": 0.7467280564263323,
      "score_plus": 0.7448471786833857,
      "drop_mean": 0.0
    },
    {
      "param": "bootstrap",
      "score_minus": 0.7429702194357366,
      "score_plus": 0.7429702194357366,
      "drop_mean": 0.0
    },
    {
      "param": "min_samples_leaf",
      "score_minus": 0.7473491379310344,
      "score_plus": 0.7429702194357367,
      "drop_mean": 0.0
    },
    {
      "param": "class_weight",
      "score_minus": 0.7429702194357366,
      "score_plus": 0.7429702194357366,
      "drop_mean": 0.0
    },
    {
      "param": "criterion",
      "score_minus": 0.7429702194357366,
      "score_plus": 0.7429702194357366,
      "drop_mean": 0.0
    }
  ],
  "notes": [
    "peak_mem_mb_main_process mide memoria del proceso principal.",
    "En algoritmos multiproceso (random/grid) puede infraestimar memoria total.",
    "Si KNOWN_OPTIMUM es None, se usa best_known_found como referencia de optimo."
  ]
}